"Txhash","Blockno","UnixTimestamp","DateTime","From","To","ContractAddress","Value_IN(ETH)","Value_OUT(ETH)","CurrentValue @ $0/Eth","TxnFee(ETH)","TxnFee(USD)","Historical $Price/Eth","Status","ErrCode","Method"
"0x01b09380c6e350a160536ffa9d80d4635374ea9fe56eb7dbd4108a8134de16f5","12119025","1647967466","2022-03-22 16:44:26","0xc12cf062f2a3f61c04e2f12bafefa85ee5f7fa0b","","0x53ccf925b0397d69003b6d44ebf93c665b97dc36","0","0","0","0.003154044167436513","0","","","","0x60806040",""
"0xc65a86f652714d1faee1ec219fbe7dfd4038fef57290ecef30910ec9e7e71c52","12119034","1647967560","2022-03-22 16:46:00","0xc12cf062f2a3f61c04e2f12bafefa85ee5f7fa0b","","0xd1e8b8f89028853c64d681f5bcf4a0617e7a5930","0","0","0","0.002946612196242377","0","","","","0x60806040",""
"0x72f01158aebcecf153bf953793d766109867248f7fc23c20f1c08866fc9cecc0","12126101","1648060746","2022-03-23 18:39:06","0xc12cf062f2a3f61c04e2f12bafefa85ee5f7fa0b","0xcd0528264e0ecc3db143f3c559d1b68a8ae8583a","","0","0.0005","0","0.000048888000021","0","","","","Transfer",""
"0x3bb592fa0cf2d2f19e5d7c7c943dac00ac1d0e30f6c9ea64d1a4e5c5b766e9e1","12126117","1648060947","2022-03-23 18:42:27","0xc12cf062f2a3f61c04e2f12bafefa85ee5f7fa0b","0xcd0528264e0ecc3db143f3c559d1b68a8ae8583a","","0","0.0015","0","0.000031500000189","0","","","","Transfer",""
"0x7df2baaf679f29a631983e44dc574fc3157530bc0c78fc174f95a4f744e1a008","12126940","1648071271","2022-03-23 21:34:31","0xc12cf062f2a3f61c04e2f12bafefa85ee5f7fa0b","0xcd0528264e0ecc3db143f3c559d1b68a8ae8583a","","0","0.012","0","0.000031500000168","0","","","","Transfer",""
"0x4ca3f85c2509dd432cb3ee3b08c3b4ab96a712585d9817f47b0c511abaede9ef","12131809","1648189380","2022-03-25 06:23:00","0xcd0528264e0ecc3db143f3c559d1b68a8ae8583a","0xc12cf062f2a3f61c04e2f12bafefa85ee5f7fa0b","","0","0","0","0.000101850000987","0","","","","Transfer",""
"0xf681f00293a85131adf554cd6e894eeacd9fd0e9d7571d0d98c06c1127ac8f60","12131817","1648189603","2022-03-25 06:26:43","0xc12cf062f2a3f61c04e2f12bafefa85ee5f7fa0b","0xcd0528264e0ecc3db143f3c559d1b68a8ae8583a","","0","0.1111","0","0.000050925003948","0","","","","Transfer",""
"0x0b25d859f20f5cc8d95ff49aa595e44fd4ba2f85f26bc3e1c9deb13e5a81a7f4","12133224","1648228431","2022-03-25 17:13:51","0xc12cf062f2a3f61c04e2f12bafefa85ee5f7fa0b","","0x9271fce245987765e82315bfeb2a82dccc329166","0","0","0","0.000864342666195014","0","","","","0x60806040",""
"0x56a6e9face5d92727c6fa6579a3c18dd2c809ec8338dfeb5e507ba47cd3092f9","12133233","1648228614","2022-03-25 17:16:54","0xc12cf062f2a3f61c04e2f12bafefa85ee5f7fa0b","","0xadd1de7284b83bc1fe2536bd536b1e82a34e83fa","0","0","0","0.002264710521328558","0","","","","0x60806040",""
"0x92164a4bf08e1e2c54d5873f322432bb4849562b96db8697f95ecfe0db73d165","12133517","1648236032","2022-03-25 19:20:32","0xc12cf062f2a3f61c04e2f12bafefa85ee5f7fa0b","0xcd0528264e0ecc3db143f3c559d1b68a8ae8583a","","0","0.05","0","0.000050925375732","0","","","","Transfer",""
"0xce35a7f2a27222251e2423d5209cae2e13d3d301c3977ae2d7d8157dafb411e4","12133519","1648236050","2022-03-25 19:20:50","0xcd0528264e0ecc3db143f3c559d1b68a8ae8583a","0xc12cf062f2a3f61c04e2f12bafefa85ee5f7fa0b","","0.1","0","0","0.000031500475335","0","","","","Transfer",""
"0x0e0cf7a87aa9aed1527775b407ea3cfc2f46939548cfb3f79ebf834519bee53d","12133541","1648236629","2022-03-25 19:30:29","0xc12cf062f2a3f61c04e2f12bafefa85ee5f7fa0b","0xcd0528264e0ecc3db143f3c559d1b68a8ae8583a","","0","0.0055","0","0.000089628041244","0","","","","Transfer",""
"0xe21728b39fbddbb84c6ead7bad02d8f8cc2c603139a581d58349bef217a0eb3b","12133542","1648236657","2022-03-25 19:30:57","0xc12cf062f2a3f61c04e2f12bafefa85ee5f7fa0b","0xadd1de7284b83bc1fe2536bd536b1e82a34e83fa","","0","0","0","0.000886003395650296","0","","","","Add To Blockchain",""
"0xb0cd585d4e8a64cd28c4f5f24f4bbc6eb506311785a31f9b2c93c2911b2451f3","12133610","1648238454","2022-03-25 20:00:54","0xc12cf062f2a3f61c04e2f12bafefa85ee5f7fa0b","0xcd0528264e0ecc3db143f3c559d1b68a8ae8583a","","0","0.0005","0","0.000049397250693","0","","","","Transfer",""
"0x3267f201eb8ee12ab58f0f5a947d72df4adb65357f5f1ba021f045a0bca3bf06","12136186","1648304067","2022-03-26 14:14:27","0xc12cf062f2a3f61c04e2f12bafefa85ee5f7fa0b","","0xdf26588ee953cb7a5fa7af5014921eeb90e30b0a","0","0","0","0.001795427520108788","0","","","","0x60806040",""
